"Reference","Value","Footprint","COTS","Sheet","Class","Radiation","Table 16","Construction Date","Table 17a","Table 17b","Voltage","Max applied VDS","Min specified VDS","Min specified VGS","Transistor type","Max repetitive VCE","Min specified VCE","Max applied VGS","Inductor type","Radiating surface","Power loss","Temperature","Table 18","Temperature_Ambiant","Table 14","Temperature_Junction","Operating_Power","Rated_Power","Converter_Type","alpha_s","alpha_c","Package","POWER_DISSIPATION"
"A1,A2","Arduino_Nano_Every","Module:Arduino_Nano","","","","","","","","","","","","","","","","","","","","","","","","","","","","","","",""
"C1","4.7uF - 50V X7R","Capacitor_SMD:C_1206_3216Metric","","/Project Architecture/Control/","Ceramic Capacitor (10.3)","","","2022","","","","","","","","","","","","","","-55 to 125","","25","","25","1","","","","","","0.1"
"C2,C6,C7,C8,C11","1uF - 50V X7R","Capacitor_SMD:C_0603_1608Metric","","/Project Architecture/Control/MCU_A/","Ceramic Capacitor (10.3)","","","2022","","","","","","","","","","","","","","-55 to 125","","25","","25","1","","","","","","0.1"
"C3,C4,C5,C9,C10","0.1uF - 50V X7R","Capacitor_SMD:C_0603_1608Metric","","/Project Architecture/Control/MCU_A/","Ceramic Capacitor (10.3)","","","2022","","","","","","","","","","","","","","-55 to 125","","25","","25","1","","","","","","0.1"
"C12,C121,C122","1uF - 50V X7R","Capacitor_SMD:C_0603_1608Metric","","/Project Architecture/Testbench Interface/","Ceramic Capacitor (10.3)","","","2022","","","","","","","","","","","","","","-55 to 125","","25","","25","1","","","","","","0.1"
"C13,C17,C18,C19,C22","1uF - 50V X7R","Capacitor_SMD:C_0603_1608Metric","","/Project Architecture/Control/MCU_B/","Ceramic Capacitor (10.3)","","","2022","","","","","","","","","","","","","","-55 to 125","","25","","25","1","","","","","","0.1"
"C14,C15,C16,C20,C21","0.1uF - 50V X7R","Capacitor_SMD:C_0603_1608Metric","","/Project Architecture/Control/MCU_B/","Ceramic Capacitor (10.3)","","","2022","","","","","","","","","","","","","","-55 to 125","","25","","25","1","","","","","","0.1"
"C23,C118,C120","0.1uF - 50V X7R","Capacitor_SMD:C_0603_1608Metric","","/Project Architecture/Testbench Interface/","Ceramic Capacitor (10.3)","","","2022","","","","","","","","","","","","","","-55 to 125","","25","","25","1","","","","","","0.1"
"C24,C28,C29,C30,C33","1uF - 50V X7R","Capacitor_SMD:C_0603_1608Metric","","/Project Architecture/Control/MCU_C/","Ceramic Capacitor (10.3)","","","2022","","","","","","","","","","","","","","-55 to 125","","25","","25","1","","","","","","0.1"
"C25,C26,C27,C31,C32","0.1uF - 50V X7R","Capacitor_SMD:C_0603_1608Metric","","/Project Architecture/Control/MCU_C/","Ceramic Capacitor (10.3)","","","2022","","","","","","","","","","","","","","-55 to 125","","25","","25","1","","","","","","0.1"
"C36","0.1uF - 50V X7R","Capacitor_SMD:C_0603_1608Metric","","/Project Architecture/Trigger IDD/","Ceramic Capacitor (10.3)","","","2022","","","","","","","","","","","","","","-55 to 125","","25","","25","1","","","","","","0.1"
"C37","1uF - 50V X7R","Capacitor_SMD:C_0603_1608Metric","","/Project Architecture/Trigger IDD/","Ceramic Capacitor (10.3)","","","2022","","","","","","","","","","","","","","-55 to 125","","25","","25","1","","","","","","0.1"
"C38","1uF - 50V X7R","Capacitor_SMD:C_0805_2012Metric","","/Project Architecture/Power/Protection Satellite 24V/","Ceramic Capacitor (10.3)","","","2022","","","","","","","","","","","","","","-55 to 125","","25","","25","1","","","","","","0.1"
"C39","1nF - 50V X7R","Capacitor_SMD:C_0805_2012Metric","","/Project Architecture/Power/Protection Satellite 24V/","Ceramic Capacitor (10.3)","","","2022","","","","","","","","","","","","","","-55 to 125","","25","","25","1","","","","","","0.1"
"C40,C41","100nF - 50V X7R","Capacitor_SMD:C_0805_2012Metric","","/Project Architecture/Power/Protection Satellite 24V/","Ceramic Capacitor (10.3)","","","2022","","","","","","","","","","","","","","-55 to 125","","25","","25","1","","","","","","0.1"
"C42","1uF - 50V X7R","Capacitor_SMD:C_0805_2012Metric","","/Project Architecture/Power/Protection Battery/","Ceramic Capacitor (10.3)","","","2022","","","","","","","","","","","","","","-55 to 125","","25","","25","1","","","","","","0.1"
"C43","1nF - 50V X7R","Capacitor_SMD:C_0805_2012Metric","","/Project Architecture/Power/Protection Battery/","Ceramic Capacitor (10.3)","","","2022","","","","","","","","","","","","","","-55 to 125","","25","","25","1","","","","","","0.1"
"C44,C45","100nF - 50V X7R","Capacitor_SMD:C_0805_2012Metric","","/Project Architecture/Power/Protection Battery/","Ceramic Capacitor (10.3)","","","2022","","","","","","","","","","","","","","-55 to 125","","25","","25","1","","","","","","0.1"
"C46,C47,C48","10uF - 50V X5R","Capacitor_SMD:C_0805_2012Metric","","/Project Architecture/Power/Battery Charger/","Ceramic Capacitor (10.3)","","","2022","","","","","","","","","","","","","","-55 to 125","","25","","25","1","","","","","","0.1"
"C50","2.2uF - 50V X7R","Capacitor_SMD:C_0805_2012Metric","","/Project Architecture/Power/Battery Charger/","Ceramic Capacitor (10.3)","","","2022","","","","","","","","","","","","","","-55 to 125","","25","","25","1","","","","","","0.1"
"C52","1uF - 50V X7R","Capacitor_SMD:C_0805_2012Metric","","/Project Architecture/Power/Battery Charger/","Ceramic Capacitor (10.3)","","","2022","","","","","","","","","","","","","","-55 to 125","","25","","25","1","","","","","","0.1"
"C56,C61,C69","1uF - 50V X7R","Capacitor_SMD:C_0603_1608Metric","","/Project Architecture/Power/Battery Charger/","Ceramic Capacitor (10.3)","","","2022","","","","","","","","","","","","","","-55 to 125","","25","","25","1","","","","","","0.1"
"C57,C59","0.1uF - 50V X7R","Capacitor_SMD:C_0603_1608Metric","","/Project Architecture/Power/Battery Charger/","Ceramic Capacitor (10.3)","","","2022","","","","","","","","","","","","","","-55 to 125","","25","","25","1","","","","","","0.1"
"C60,C62","4.7u - 50V X7R","Capacitor_SMD:C_1206_3216Metric","","/Project Architecture/Power/Deploy/Buck/","Ceramic Capacitor (10.3)","","","2022","","","","","","","","","","","","","","-55 to 125","","25","","25","1","","","","","","0.1"
"C64","0.1uF - 50V X7R","Capacitor_SMD:C_0805_2012Metric","","/Project Architecture/Power/Battery Charger/","Ceramic Capacitor (10.3)","","","2022","","","","","","","","","","","","","","-55 to 125","","25","","25","1","","","","","","0.1"
"C66","10uF - 50V X7R","Capacitor_SMD:C_1210_3225Metric_Pad1.33x2.70mm_HandSolder","","/Project Architecture/Power/Battery Charger/","Ceramic Capacitor (10.3)","","","2022","","","","","","","","","","","","","","-55 to 125","","25","","25","1","","","","","","0.1"
"C68","4.7uF - 50V X7R","Capacitor_SMD:C_1210_3225Metric_Pad1.33x2.70mm_HandSolder","","/Project Architecture/Power/Battery Charger/","Ceramic Capacitor (10.3)","","","2022","","","","","","","","","","","","","","-55 to 125","","25","","25","1","","","","","","0.1"
"C72","0.1uF - 50V X7R","Capacitor_SMD:C_0603_1608Metric","","/Project Architecture/Power/Passivate Arbitration/","Ceramic Capacitor (10.3)","","","2022","","","","","","","","","","","","","","-55 to 125","","25","","25","1","","","","","","0.1"
"C73","1uF - 50V X7R","Capacitor_SMD:C_0603_1608Metric","","/Project Architecture/Power/Passivate Arbitration/","Ceramic Capacitor (10.3)","","","2022","","","","","","","","","","","","","","-55 to 125","","25","","25","1","","","","","","0.1"
"C76","0.1uF - 50V X7R","Capacitor_SMD:C_0603_1608Metric","","/Project Architecture/Power/Unlatch Arbitration/","Ceramic Capacitor (10.3)","","","2022","","","","","","","","","","","","","","-55 to 125","","25","","25","1","","","","","","0.1"
"C77","1uF - 50V X7R","Capacitor_SMD:C_0603_1608Metric","","/Project Architecture/Power/Unlatch Arbitration/","Ceramic Capacitor (10.3)","","","2022","","","","","","","","","","","","","","-55 to 125","","25","","25","1","","","","","","0.1"
"C80","0.1uF - 50V X7R","Capacitor_SMD:C_0603_1608Metric","","/Project Architecture/Power/System On Logic/On Arbitration/","Ceramic Capacitor (10.3)","","","2022","","","","","","","","","","","","","","-55 to 125","","25","","25","1","","","","","","0.1"
"C81","1uF - 50V X7R","Capacitor_SMD:C_0603_1608Metric","","/Project Architecture/Power/System On Logic/On Arbitration/","Ceramic Capacitor (10.3)","","","2022","","","","","","","","","","","","","","-55 to 125","","25","","25","1","","","","","","0.1"
"C84","0.1uF - 50V X7R","Capacitor_SMD:C_0603_1608Metric","","/Project Architecture/Power/System On Logic/Off Arbitration/","Ceramic Capacitor (10.3)","","","2022","","","","","","","","","","","","","","-55 to 125","","25","","25","1","","","","","","0.1"
"C85","1uF - 50V X7R","Capacitor_SMD:C_0603_1608Metric","","/Project Architecture/Power/System On Logic/Off Arbitration/","Ceramic Capacitor (10.3)","","","2022","","","","","","","","","","","","","","-55 to 125","","25","","25","1","","","","","","0.1"
"C86","0.1uF - 50V X7R","Capacitor_SMD:C_0805_2012Metric","","/Project Architecture/Power/LDO_3v3_sat/","Ceramic Capacitor (10.3)","","","2022","","","","","","","","","","","","","","-55 to 125","","25","","25","1","","","","","","0.1"
"C87","1uF - 50V","Capacitor_Tantalum_SMD:CP_EIA-3528-21_Kemet-B","","/Project Architecture/Power/LDO_3v3_sat/","Tantlum Capacitor (10.4)","","","2022","","","","","","","","","","","","","","-55 to 125","","25","","25","1","1","","","","","0.1"
"C90,C91","0.1uF - 50V X7R","Capacitor_SMD:C_0603_1608Metric","","POWER>CHARGER","Ceramic Capacitor (10.3)","","","2022","","","","","","","","","","","","","","-55 to 125","","","","","","","","","","",""
"C92","0.1uF - 1kV X7R","Capacitor_SMD:C_2220_5750Metric","","/Project Architecture/Power/Deploy/Boost/","Ceramic Capacitor (10.3)","","","2022","","","","","","","","","","","","","","-55 to 125","","25","","25","1","","","","","","0.1"
"C93,C130","100uF - 35V","Capacitor_Tantalum_SMD:CP_EIA-7360-38_Kemet-E","","/Project Architecture/Power/Deploy/Boost/","Tantlum Capacitor (10.4)","","","2022","","","","","","","","","","","","","","-55 to 125","","25","","25","1","1","","","","","0.1"
"C94,C128","2.2uF - 50V X7R","Capacitor_SMD:C_0805_2012Metric","","/Project Architecture/Power/Deploy/Boost/","Ceramic Capacitor (10.3)","","","2022","","","","","","","","","","","","","","-55 to 125","","25","","25","1","","","","","","0.1"
"C95,C98,C126","1uF","Capacitor_SMD:C_0805_2012Metric","","","","","","","","","","","","","","","","","","","","","","","","","","","","","","",""
"C96,C97","4.7nF","Capacitor_SMD:C_0603_1608Metric","","","","","","","","","","","","","","","","","","","","","","","","","","","","","","",""
"C101","0.1uF - 50V X7R","Capacitor_SMD:C_0603_1608Metric","","/Project Architecture/Power/Deploy/Boost/TRIGGER_LOGIC_B1/","Ceramic Capacitor (10.3)","","","2022","","","","","","","","","","","","","","-55 to 125","","25","","25","1","","","","","","0.1"
"C102","1uF - 50V X7R","Capacitor_SMD:C_0603_1608Metric","","/Project Architecture/Power/Deploy/Boost/TRIGGER_LOGIC_B1/","Ceramic Capacitor (10.3)","","","2022","","","","","","","","","","","","","","-55 to 125","","25","","25","1","","","","","","0.1"
"C105","0.1uF - 50V X7R","Capacitor_SMD:C_0603_1608Metric","","/Project Architecture/Power/Deploy/Buck/TRIGGER_LOGIC_B3/","Ceramic Capacitor (10.3)","","","2022","","","","","","","","","","","","","","-55 to 125","","25","","25","1","","","","","","0.1"
"C106","1uF - 50V X7R","Capacitor_SMD:C_0603_1608Metric","","/Project Architecture/Power/Deploy/Buck/TRIGGER_LOGIC_B3/","Ceramic Capacitor (10.3)","","","2022","","","","","","","","","","","","","","-55 to 125","","25","","25","1","","","","","","0.1"
"C109","0.1uF - 50V X7R","Capacitor_SMD:C_0603_1608Metric","","/Project Architecture/Power/Deploy/Boost/TRIGGER_LOGIC_B2/","Ceramic Capacitor (10.3)","","","2022","","","","","","","","","","","","","","-55 to 125","","25","","25","1","","","","","","0.1"
"C110","1uF - 50V X7R","Capacitor_SMD:C_0603_1608Metric","","/Project Architecture/Power/Deploy/Boost/TRIGGER_LOGIC_B2/","Ceramic Capacitor (10.3)","","","2022","","","","","","","","","","","","","","-55 to 125","","25","","25","1","","","","","","0.1"
"C111","0.1uF - 50V X7R","Capacitor_SMD:C_0805_2012Metric","","/Project Architecture/Power/LDO_3v3_bat/","Ceramic Capacitor (10.3)","","","2022","","","","","","","","","","","","","","-55 to 125","","25","","25","1","","","","","","0.1"
"C112","1uF - 50V","Capacitor_Tantalum_SMD:CP_EIA-3528-21_Kemet-B","","/Project Architecture/Power/LDO_3v3_bat/","Tantlum Capacitor (10.4)","","","2022","","","","","","","","","","","","","","-55 to 125","","25","","25","1","1","","","","","0.1"
"C115","0.1uF - 50V X7R","Capacitor_SMD:C_0805_2012Metric","","/Project Architecture/Power/Deploy/Buck/","Ceramic Capacitor (10.3)","","","2022","","","","","","","","","","","","","","-55 to 125","","25","","25","1","","","","","","0.1"
"C116","0.01uF - 50V X7R","Capacitor_SMD:C_0603_1608Metric","","/Project Architecture/Power/Deploy/Buck/","Ceramic Capacitor (10.3)","","","2022","","","","","","","","","","","","","","-55 to 125","","25","","25","1","","","","","","0.1"
"C117","330uF - 10V","CAPC7360X200N:CAPC7360X200N","","/Project Architecture/Power/Deploy/Buck/","Ceramic Capacitor (10.3)","","","2022","","","","","","","","","","","","","","-55 to 125","","25","","25","1","","","","","","0.1"
"C119","0.01uF","Capacitor_SMD:C_1210_3225Metric","","/Project Architecture/Power/Deploy/Buck/","Ceramic Capacitor (10.3)","","","2022","","","","","","","","","","","","","","-55 to 125","","25","","25","1","","","","","","0.1"
"C125","4.7uF - 16V X7R","Capacitor_SMD:C_0603_1608Metric","","","Ceramic Capacitor (10.3)","","","2022","","","","","","","","","","","","","","-55 to 125","","","","","","","","","","",""
"C127,C129","4.7nF","Capacitor_SMD:C_0603_1608Metric","","/Project Architecture/Power/Deploy/Boost/","Ceramic Capacitor (10.3)","","","2022","","","","","","","","","","","","","","-55 to 125","","25","","25","1","","","","","","0.1"
"C131,C132","100uF","Capacitor_SMD:C_2225_5664Metric_Pad1.80x6.60mm_HandSolder","","/Project Architecture/Power/Deploy/Boost/","Ceramic Capacitor (10.3)","","","2022","","","","","","","","","","","","","","-55 to 125","","25","","25","1","","","","","","0.1"
"Cc1","3.3nF - 50V X7R","Capacitor_SMD:C_0805_2012Metric","","/Project Architecture/Power/Deploy/Boost/","Ceramic Capacitor (10.3)","","","2022","","","","","","","","","","","","","","-55 to 125","","25","","25","1","","","","","","0.1"
"Cf1","100pF - 50V X7R","Capacitor_SMD:C_0805_2012Metric","","/Project Architecture/Power/Deploy/Boost/","Ceramic Capacitor (10.3)","","","2022","","","","","","","","","","","","","","-55 to 125","","25","","25","1","","","","","","0.1"
"Cimon1","50nF","Capacitor_SMD:C_0805_2012Metric","","/Project Architecture/Power/Deploy/Boost/","Ceramic Capacitor (10.3)","","","2022","","","","","","","","","","","","","","-55 to 125","","25","","25","1","","","","","","0.1"
"Css1","350nF","Capacitor_SMD:C_0805_2012Metric","","/Project Architecture/Power/Deploy/Boost/","Ceramic Capacitor (10.3)","","","2022","","","","","","","","","","","","","","-55 to 125","","25","","25","1","","","","","","0.1"
"Cw1","10uF - 50V","Capacitor_Tantalum_SMD:CP_EIA-7343-31_Kemet-D","","/Project Architecture/Power/LDO_3v3_sat/","Tantlum Capacitor (10.4)","","","2022","","","","","","","","","","","","","","-55 to 125","","25","","25","1","1","","","","","0.1"
"Cw3","10uF - 50V","Capacitor_Tantalum_SMD:CP_EIA-7343-31_Kemet-D","","/Project Architecture/Power/LDO_3v3_bat/","Tantlum Capacitor (10.4)","","","2022","","","","","","","","","","","","","","-55 to 125","","25","","25","1","1","","","","","0.1"
"D1","STPSC10H065D","Package_TO_SOT_THT:TO-220-2_Horizontal_TabDown","","","","TID 1130kRad, LET=60","","2022","","","","","","","","","","","","","","","","","","","","","","","","","0.2"
"D2","MBRB8H100T4G","Package_TO_SOT_SMD:TO-263-2","","/Project Architecture/Power/Battery Charger/","Power diodes (8.3)","SEE desturctifs 60 MeVcm2/mg","","2022","","","","","","","","","","","","","","","D2PACK, 3 pins","25","","40","1","","","","","","0.2"
"D4,D5","BZX84-A75","Package_TO_SOT_SMD:SOT-23-3","BZX84-A75","/Project Architecture/Power/Passivate Memory/","Low power diode (8.2)","LET=59","","2022","","","","","","","","","","","","","","-55 to 150","SOT-23, 3 pins","25","","25","1","","","","","","0.2"
"D6,D7","BZX84-A75","Package_TO_SOT_SMD:SOT-23-3","BZX84-A75","/Project Architecture/Power/System On Logic/On Memory/","Low power diode (8.2)","LET=59","","2022","","","","","","","","","","","","","","-55 to 150","SOT-23, 3 pins","25","","25","1","","","","","","0.2"
"D8","1N4148WQ","Diode_SMD:D_SOD-123","1N4148WQ ","/Project Architecture/Power/LDO_3v3_sat/","Low power diode (8.2)","","","2022","","","","","","","","","","","","","","-65 to 170","SOD-123, 3 pins","25","","25","1","","","","","","0.2"
"D10","1N4148WQ","Diode_SMD:D_SOD-123","1N4148WQ ","/Project Architecture/Power/LDO_3v3_bat/","Low power diode (8.2)","","","2022","","","","","","","","","","","","","","-65 to 170","SOD-123, 3 pins","25","","25","1","","","","","","0.2"
"D12","MBRB8H100T4G","Package_TO_SOT_SMD:TO-263-2","","/Project Architecture/Power/Deploy/Buck/","Power diodes (8.3)","SEE desturctifs 60 MeVcm2/mg","","2022","","","","","","","","","","","","","","","D2PACK, 3 pins","25","","40","1","","","","","","0.2"
"D13","LED","LED_SMD:LED_0805_2012Metric_Pad1.15x1.40mm_HandSolder","","","","","","","","","","","","","","","","","","","","","","","","","","","","","","",""
"D16","LED RED","LED_SMD:LED_0805_2012Metric_Pad1.15x1.40mm_HandSolder","","","","","","","","","","","","","","","","","","","","","","","","","","","","","","",""
"D17","LED GREEN","LED_SMD:LED_0805_2012Metric_Pad1.15x1.40mm_HandSolder","","","","","","","","","","","","","","","","","","","","","","","","","","","","","","",""
"J1,J21,J23","ESQ-106-34-G-D","ESQ-106-14-G-D:SAMTEC_ESQ-106-14-G-D","","","","","","","","","","","","","","","","","","","","","","","","","1","","","","","",""
"J2,J22,J24","SLM-130-01-G-D","SLM-130-01-G-D:SAMTEC_SLM-130-01-G-D","","","","","","","","","","","","","","","","","","","","","","","","","","","","","","None",""
"J3,J5,J6,J8","G125-MH11005L1P","G125-MV11005L1P:HARWIN_G125-MH11005L1P","","","","","","","","","","","","","","","","","","","","","","","","","","","","","","",""
"J4,J7","G125-MH11205L3P","G125-MH11205L3P:HARWIN_G125-MH11205L3P","","","","","","","","","","","","","","","","","","","","","","","","","","","","","","",""
"J9,J10,J11","ML6","Connector_Molex:Molex_PicoBlade_53048-0610_1x06_P1.25mm_Horizontal","","","","","","","","","","","","","","","","","","","","","","","","","1","","","","","",""
"J18,J19,J20","ML6","Connector_Molex:Molex_PicoBlade_53047-0610_1x06_P1.25mm_Vertical","","","","","","","","","","","","","","","","","","","","","","","","","1","","","","","",""
"J29,J30,J32,J33","ESQ-115-14-G-D","ESQ-15-14-G-D:SAMTEC_ESQ-115-14-G-D","","","","","","","","","","","","","","","","","","","","","","","","","","","","","","",""
"JP1","BAT_ON","Connector_Molex:Molex_CLIK-Mate_502386-0270_1x02-1MP_P1.25mm_Horizontal","","/Project Architecture/Power/","","","","","","","","","","","","","","","","","","","","","","","1","","","","","",""
"JP4","TRIGGER_PROTECTION","Connector_Molex:Molex_CLIK-Mate_502386-0270_1x02-1MP_P1.25mm_Horizontal","","/Project Architecture/","","","","","","","","","","","","","","","","","","","","","","","1","","","","","",""
"L1","15uH","Inductor_SMD:L_Coilcraft_MSS1038-XXX","MSS1038-153MLC","/Project Architecture/Power/Battery Charger/","Inductor (12)","","","2022","","","","","","","","","","","Power Inductor","16.2 x 15.2","2.7","-40 to 165","","25","","25","1","","","","","","10"
"L3","4.7uH","Inductor_SMD:L_Coilcraft_XAL1010-XXX","XAL1010-472MED","/Project Architecture/Power/Deploy/Boost/","Inductor (12)","","","2022","","","","","","","","","","","Power Inductor","10.6 x 13.2","2.7","-40 to 165","","25","","25","1","","","","","","10"
"L4","15uH","Inductor_SMD:L_Coilcraft_XAL1010-XXX","XAL1010-153MED","/Project Architecture/Power/Deploy/Boost/","Inductor (12)","","","2022","","","","","","","","","","","Power Inductor","16.2 x 15.2","2.7","-40 to 165","","25","","25","1","","","","","","10"
"L5","15uH","Inductor_SMD:L_Coilcraft_XAL6060-XXX","","/Project Architecture/Power/Deploy/Buck/","Inductor (12)","","","2022","","","","","","","","","","","Power Inductor","16.2 x 15.2","2.7","-40 to 165","","25","","25","1","","","","","","10"
"Q1,Q2","DMP3099L","Package_TO_SOT_SMD:SOT-23","","/Project Architecture/Power/Protection Satellite 24V/","Low Power transistor (8.4)","SEE destructif 200 MeV*cm2/mg","","2022","","","","2","-55","-20","MOS P channel","","","13","","","","","SOT-23, 3 pins","25","SOT-23, 3 pins","25","1","5","","","","","0.5"
"Q3,Q4","DMP3099L","Package_TO_SOT_SMD:SOT-23","","/Project Architecture/Power/Protection Battery/","Low Power transistor (8.4)","SEE destructif 200 MeV*cm2/mg","","2022","","","","2","-55","-20","MOS P channel","","","13","","","","","SOT-23, 3 pins","25","SOT-23, 3 pins","25","1","5","","","","","0.5"
"Q5,Q6","IRLR120N","Package_TO_SOT_SMD:TO-252-2","","/Project Architecture/Power/Battery Charger/","Power Transistor (8.5)","","","2022","","","","20","-100","-16","MOS N channel","","","13","","","","","D2PACK, 3 pins","25","","40","1","","","","","","0.5"
"Q7,Q24","IRF4905","Package_TO_SOT_THT:TO-220-3_Horizontal_TabDown","IRF4905","/Project Architecture/Power/","Power Transistor (8.5)","SEE destructif 43.9 MeV*cm2/mg","","2022","","","","2","-55","-20","MOS P channel","","","18","","","","-55 to 175","TO-220, 3 pins","25","","40","1","","","","","","0.5"
"Q8","DMP3099L","Package_TO_SOT_SMD:SOT-23","","/Project Architecture/Power/System On Logic/","Low Power transistor (8.4)","SEE destructif 200 MeV*cm2/mg","","2022","","","","2","-55","-20","MOS P channel","","","13","","","","","SOT-23, 3 pins","25","SOT-23, 3 pins","25","1","5","","","","","0.5"
"Q9,Q12","BC847B","BZX84C27:P200_SOT-23","BC847B","/Project Architecture/Power/Passivate Memory/","Low Power transistor (8.4)","200 krad","","2022","","","","","","","BJT NPN","3.3","45","","","","","-65 to 150","SOT-23, 3 pins","25","SOT-23, 3 pins","25","1","","","","","","0.5"
"Q10","FMMT591","BZX84C27:P200_SOT-23","FMMT591 ","/Project Architecture/Power/Passivate Memory/","Low Power transistor (8.4)","50 krad","","2022","","","","","","","BJT PNP","13","60","","","","","-55 to 125","SOT-23, 3 pins","25","SOT-23, 3 pins","25","1","","","","","","0.5"
"Q11","DMP3099L","Package_TO_SOT_SMD:SOT-23","","/Project Architecture/Power/Passivate Memory/","Low Power transistor (8.4)","SEE destructif 200 MeV*cm2/mg","","2022","","","","2","-55","-20","MOS P channel","","","13","","","","","SOT-23, 3 pins","25","SOT-23, 3 pins","25","1","","","","","","0.5"
"Q13,Q16","BC847B","BZX84C27:P200_SOT-23","BC847B","/Project Architecture/Power/System On Logic/On Memory/","Low Power transistor (8.4)","200 krad","","2022","","","","","","","BJT NPN","3.3","45","","","","","-65 to 150","SOT-23, 3 pins","25","SOT-23, 3 pins","25","1","","","","","","0.5"
"Q14","FMMT591","BZX84C27:P200_SOT-23","FMMT591 ","/Project Architecture/Power/System On Logic/On Memory/","Low Power transistor (8.4)","50 krad","","2022","","","","","","","BJT PNP","13","60","","","","","-55 to 125","SOT-23, 3 pins","25","SOT-23, 3 pins","25","1","","","","","","0.5"
"Q15","DMP3099L","Package_TO_SOT_SMD:SOT-23","","/Project Architecture/Power/System On Logic/On Memory/","Low Power transistor (8.4)","SEE destructif 200 MeV*cm2/mg","","2022","","","","2","-55","-20","MOS P channel","","","13","","","","","SOT-23, 3 pins","25","SOT-23, 3 pins","25","1","","","","","","0.5"
"Q17,Q19","FMMT591","BZX84C27:P200_SOT-23","FMMT591 ","/Project Architecture/Power/Ideal Diode Satellite/","Low Power transistor (8.4)","N/A","","2022","","","","","","","BJT PNP","13","60","","","","","-55 to 125","SOT-23, 3 pins","25","SOT-23, 3 pins","25","1","","","","","","0.5"
"Q18","DMP3099L","Package_TO_SOT_SMD:SOT-23","","/Project Architecture/Power/Ideal Diode Satellite/","Low Power transistor (8.4)","SEE destructif 200 MeV*cm2/mg","","2022","","","","2","-55","-20","MOS P channel","","","13","","","","","SOT-23, 3 pins","25","SOT-23, 3 pins","25","1","","","","","","0.5"
"Q20,Q22","FMMT591","BZX84C27:P200_SOT-23","FMMT591 ","/Project Architecture/Power/Ideal Diode Battery/","Low Power transistor (8.4)","N/A","","2022","","","","","","","BJT PNP","13","60","","","","","-55 to 125","SOT-23, 3 pins","25","SOT-23, 3 pins","25","1","","","","","","0.5"
"Q21","DMP3099L","Package_TO_SOT_SMD:SOT-23","","/Project Architecture/Power/Ideal Diode Battery/","Low Power transistor (8.4)","SEE destructif 200 MeV*cm2/mg","","2022","","","","2","-55","-20","MOS P channel","","","13","","","","","SOT-23, 3 pins","25","SOT-23, 3 pins","25","1","","","","","","0.5"
"Q23","BC847B","BZX84C27:P200_SOT-23","BC847B","/Project Architecture/Power/","Low Power transistor (8.4)","200 krad","","2022","","","","","","","BJT NPN","3.3","45","","","","","-65 to 150","SOT-23, 3 pins","25","SOT-23, 3 pins","25","1","","","","","","0.5"
"Q25","IAUTN15S6N025ATMA1","Package_TO_SOT_SMD:Infineon_PG-HSOF-8-1","","","","","","","","","","","","","","","","","","","","","","","","","","","","","","",""
"Q26","BC847B","BZX84C27:P200_SOT-23","BC847B","/Project Architecture/Power/Deploy/Buck/","Low Power transistor (8.4)","200 krad","","2022","","","","","","","BJT NPN","3.3","45","","","","","-65 to 150","SOT-23, 3 pins","25","SOT-23, 3 pins","25","1","","","","","","0.5"
"Q27","IRF4905","Package_TO_SOT_THT:TO-220-3_Horizontal_TabDown","IRF4905","/Project Architecture/Power/Deploy/Buck/","Power Transistor (8.5)","SEE destructif 43.9 MeV*cm2/mg","","2022","","","","2","-55","-20","MOS P channel","","","18","","","","-55 to 175","TO-220, 3 pins","25","","40","1","","","","","","0.5"
"Q28","DMP3099L","Package_TO_SOT_SMD:SOT-23","","/Project Architecture/","Low Power transistor (8.4)","SEE destructif 200 MeV*cm2/mg","","2022","","","","2","-55","-20","MOS P channel","","","13","","","","","SOT-23, 3 pins","25","SOT-23, 3 pins","25","1","","","","","","0.5"
"Q29","SQD50P04-13L_GE3","Package_TO_SOT_SMD:TO-252-2","IRF4905","/Project Architecture/Power/Deploy/Boost/","Power Transistor (8.5)","SEE destructif 43.9 MeV*cm2/mg","","2022","","","","2","-55","-20","MOS P channel","","","18","","","","-55 to 175","TO-220, 3 pins","25","","40","1","","","","","","0.5"
"Q30,Q31","BC847B","BZX84C27:P200_SOT-23","BC847B","/Project Architecture/Power/Deploy/Boost/","Low Power transistor (8.4)","200 krad","","2022","","","","","","","BJT NPN","3.3","45","","","","","-65 to 150","SOT-23, 3 pins","25","SOT-23, 3 pins","25","1","","","","","","0.5"
"Q32,Q33","IRF4905","Package_TO_SOT_THT:TO-220-3_Horizontal_TabDown","IRF4905","/Project Architecture/Power/Deploy/Boost/","Power Transistor (8.5)","SEE destructif 43.9 MeV*cm2/mg","","2022","","","","2","-55","-20","MOS P channel","","","18","","","","-55 to 175","TO-220, 3 pins","25","","40","1","","","","","","0.5"
"Q36","BC847B","BZX84C27:P200_SOT-23","BC847B","/Project Architecture/Power/Battery Charger/","Low Power transistor (8.4)","200 krad","","2022","","","","","","","BJT NPN","3.3","45","","","","","-65 to 150","SOT-23, 3 pins","25","SOT-23, 3 pins","25","1","","","","","","0.5"
"Q37","IRF4905","Package_TO_SOT_THT:TO-220-3_Horizontal_TabDown","IRF4905","/Project Architecture/Power/Battery Charger/","Power Transistor (8.5)","SEE destructif 43.9 MeV*cm2/mg","","2022","","","","2","-55","-20","MOS P channel","","","18","","","","-55 to 175","TO-220, 3 pins","25","","40","1","","","","","","0.5"
"R1,R3,R4,R6","10k","Resistor_SMD:R_0603_1608Metric","","/Project Architecture/Control/","Resistor (11.1)","","","2022","","","","","","","","","","","","","","-55 to 175","","25","","25","1","2","","","","","0.1"
"R2","1k 1%","Resistor_SMD:R_0603_1608Metric_Pad0.98x0.95mm_HandSolder","","POWER>SYS_ON_LOGIC","Resistor (11.1)","","","2022","","","","","","","","","","","","","","-55 to 175","","","","","","","","","","",""
"R5,R13","60R","Resistor_SMD:R_0603_1608Metric","","POWER>LDO_3v3_bat","Resistor (11.1)","","","2022","","","","","","","","","","","","","","-55 to 175","","","","","","","","","","",""
"R7,R8","60R","Resistor_SMD:R_0603_1608Metric","","/Project Architecture/Control/","Resistor (11.1)","","","2022","","","","","","","","","","","","","","-55 to 175","","25","","25","1","2","","","","","0.1"
"R9","100k","Resistor_SMD:R_0603_1608Metric","","/Project Architecture/Control/MCU_A/","Resistor (11.1)","","","2022","","","","","","","","","","","","","","-55 to 175","","25","","25","1","2","","","","","0.1"
"R10","120R","Resistor_SMD:R_0603_1608Metric","","/Project Architecture/Control/","Resistor (11.1)","","","2022","","","","","","","","","","","","","","-55 to 175","","25","","25","1","2","","","","","0.1"
"R11","10k","Resistor_SMD:R_0603_1608Metric","","/Project Architecture/Control/MCU_A/","Resistor (11.1)","","","2022","","","","","","","","","","","","","","-55 to 175","","25","","25","1","2","","","","","0.1"
"R12","100k","Resistor_SMD:R_0603_1608Metric","","/Project Architecture/Testbench Interface/","Resistor (11.1)","","","2022","","","","","","","","","","","","","","-55 to 175","","25","","25","1","2","","","","","0.1"
"R14","100k","Resistor_SMD:R_0603_1608Metric","","/Project Architecture/Control/MCU_B/","Resistor (11.1)","","","2022","","","","","","","","","","","","","","-55 to 175","","25","","25","1","2","","","","","0.1"
"R15","120R","Resistor_SMD:R_0603_1608Metric","","POWER>LDO_3v3_bat","Resistor (11.1)","","","2022","","","","","","","","","","","","","","-55 to 175","","","","","","","","","","",""
"R16","10k","Resistor_SMD:R_0603_1608Metric","","/Project Architecture/Control/MCU_B/","Resistor (11.1)","","","2022","","","","","","","","","","","","","","-55 to 175","","25","","25","1","2","","","","","0.1"
"R17","12k7","Resistor_SMD:R_0805_2012Metric","","/Project Architecture/Power/Deploy/Boost/","Resistor (11.1)","","","2022","","","","","","","","","","","","","","-55 to 175","","25","","25","1","2","","","","","0.1"
"R18","10k","Capacitor_SMD:C_0805_2012Metric","","","","","","","","","","","","","","","","","","","","","","","","","","","","","","",""
"R19","100k","Resistor_SMD:R_0603_1608Metric","","/Project Architecture/Control/MCU_C/","Resistor (11.1)","","","2022","","","","","","","","","","","","","","-55 to 175","","25","","25","1","2","","","","","0.1"
"R20,R26","5.1R","Resistor_SMD:R_0603_1608Metric","","","","","","","","","","","","","","","","","","","","","","","","","","","","","","",""
"R21","10k","Resistor_SMD:R_0603_1608Metric","","/Project Architecture/Control/MCU_C/","Resistor (11.1)","","","2022","","","","","","","","","","","","","","-55 to 175","","25","","25","1","2","","","","","0.1"
"R24,R25","10k","Resistor_SMD:R_0603_1608Metric","","/Project Architecture/Trigger IDD/","Resistor (11.1)","","","2022","","","","","","","","","","","","","","-55 to 175","","25","","25","1","2","","","","","0.1"
"R27","287k","Resistor_SMD:R_0805_2012Metric","","/Project Architecture/Power/Protection Satellite 24V/","Resistor (11.1)","","","2022","","","","","","","","","","","","","","-55 to 175","","25","","25","1","2","","","","","0.1"
"R28","4k99","Resistor_SMD:R_0805_2012Metric","","/Project Architecture/Power/Protection Satellite 24V/","Resistor (11.1)","","","2022","","","","","","","","","","","","","","-55 to 175","","25","","25","1","2","","","","","0.1"
"R29","10k","Resistor_SMD:R_0805_2012Metric","","/Project Architecture/Power/Protection Satellite 24V/","Resistor (11.1)","","","2022","","","","","","","","","","","","","","-55 to 175","","25","","25","1","2","","","","","0.1"
"R30","80k6","Resistor_SMD:R_0805_2012Metric","","/Project Architecture/Power/Protection Satellite 24V/","Resistor (11.1)","","","2022","","","","","","","","","","","","","","-55 to 175","","25","","25","1","2","","","","","0.1"
"R31","100k","Resistor_SMD:R_0805_2012Metric","","/Project Architecture/Power/Protection Satellite 24V/","Resistor (11.1)","","","2022","","","","","","","","","","","","","","-55 to 175","","25","","25","1","2","","","","","0.1"
"R32","332k","Resistor_SMD:R_0805_2012Metric","","/Project Architecture/Power/Protection Satellite 24V/","Resistor (11.1)","","","2022","","","","","","","","","","","","","","-55 to 175","","25","","25","1","2","","","","","0.1"
"R33","25m","Resistor_SMD:R_2512_6332Metric","","/Project Architecture/Power/Protection Satellite 24V/","Resistor (11.1)","","","2022","","","","","","","","","","","","","","-55 to 175","","25","","25","1","2","","","","","0.1"
"R34","90k9","Resistor_SMD:R_0805_2012Metric","","/Project Architecture/Power/Protection Satellite 24V/","Resistor (11.1)","","","2022","","","","","","","","","","","","","","-55 to 175","","25","","25","1","2","","","","","0.1"
"R35","174","Resistor_SMD:R_0805_2012Metric","","/Project Architecture/Power/Protection Satellite 24V/","Resistor (11.1)","","","2022","","","","","","","","","","","","","","-55 to 175","","25","","25","1","2","","","","","0.1"
"R36","4k","Resistor_SMD:R_0805_2012Metric","","/Project Architecture/Power/Protection Satellite 24V/","Resistor (11.1)","","","2022","","","","","","","","","","","","","","-55 to 175","","25","","25","1","2","","","","","0.1"
"R37","187k","Resistor_SMD:R_0805_2012Metric","","/Project Architecture/Power/Protection Battery/","Resistor (11.1)","","","2022","","","","","","","","","","","","","","-55 to 175","","25","","25","1","2","","","","","0.1"
"R38","11k3","Resistor_SMD:R_0805_2012Metric","","/Project Architecture/Power/Protection Battery/","Resistor (11.1)","","","2022","","","","","","","","","","","","","","-55 to 175","","25","","25","1","2","","","","","0.1"
"R39","12k","Resistor_SMD:R_0805_2012Metric","","/Project Architecture/Power/Protection Battery/","Resistor (11.1)","","","2022","","","","","","","","","","","","","","-55 to 175","","25","","25","1","2","","","","","0.1"
"R40","80k6","Resistor_SMD:R_0805_2012Metric","","/Project Architecture/Power/Protection Battery/","Resistor (11.1)","","","2022","","","","","","","","","","","","","","-55 to 175","","25","","25","1","2","","","","","0.1"
"R41","100k","Resistor_SMD:R_0805_2012Metric","","/Project Architecture/Power/Protection Battery/","Resistor (11.1)","","","2022","","","","","","","","","","","","","","-55 to 175","","25","","25","1","2","","","","","0.1"
"R42","332k","Resistor_SMD:R_0805_2012Metric","","/Project Architecture/Power/Protection Battery/","Resistor (11.1)","","","2022","","","","","","","","","","","","","","-55 to 175","","25","","25","1","2","","","","","0.1"
"R43","25m","Resistor_SMD:R_2512_6332Metric","","/Project Architecture/Power/Protection Battery/","Resistor (11.1)","","","2022","","","","","","","","","","","","","","-55 to 175","","25","","25","1","2","","","","","0.1"
"R44","36k5","Resistor_SMD:R_0805_2012Metric","","/Project Architecture/Power/Protection Battery/","Resistor (11.1)","","","2022","","","","","","","","","","","","","","-55 to 175","","25","","25","1","2","","","","","0.1"
"R45","1k3","Resistor_SMD:R_0805_2012Metric","","/Project Architecture/Power/Protection Battery/","Resistor (11.1)","","","2022","","","","","","","","","","","","","","-55 to 175","","25","","25","1","2","","","","","0.1"
"R46","3k","Resistor_SMD:R_0805_2012Metric","","/Project Architecture/Power/Protection Battery/","Resistor (11.1)","","","2022","","","","","","","","","","","","","","-55 to 175","","25","","25","1","2","","","","","0.1"
"R52","2R","Resistor_SMD:R_0805_2012Metric","","/Project Architecture/Power/Battery Charger/","Resistor (11.1)","","","2022","","","","","","","","","","","","","","-55 to 175","","25","","25","1","2","","","","","0.1"
"R53","523k","Resistor_SMD:R_0603_1608Metric","","/Project Architecture/Power/Battery Charger/","Resistor (11.1)","","","2022","","","","","","","","","","","","","","-55 to 175","","25","","25","1","2","","","","","0.1"
"R54","30.1k","Resistor_SMD:R_0603_1608Metric","","/Project Architecture/Power/Battery Charger/","Resistor (11.1)","","","2022","","","","","","","","","","","","","","-55 to 175","","25","","25","1","2","","","","","0.1"
"R57,R58","10k","Resistor_SMD:R_0603_1608Metric","","/Project Architecture/Power/Battery Charger/","Resistor (11.1)","","","2022","","","","","","","","","","","","","","-55 to 175","","25","","25","1","2","","","","","0.1"
"R61,R119","5.1R","Resistor_SMD:R_0603_1608Metric","","/Project Architecture/Power/Deploy/Boost/","Resistor (11.1)","","","2022","","","","","","","","","","","","","","-55 to 175","","25","","25","1","2","","","","","0.1"
"R62","270k","Resistor_SMD:R_0805_2012Metric","","/Project Architecture/Power/Deploy/Boost/","Resistor (11.1)","","","2022","","","","","","","","","","","","","","-55 to 175","","25","","25","1","2","","","","","0.1"
"R65","10R","Resistor_SMD:R_0603_1608Metric","","/Project Architecture/Power/Battery Charger/","Resistor (11.1)","","","2022","","","","","","","","","","","","","","-55 to 175","","25","","25","1","2","","","","","0.1"
"R67","20m","Resistor_SMD:R_2512_6332Metric_Pad1.40x3.35mm_HandSolder","","/Project Architecture/Power/Battery Charger/","Resistor (11.1)","","","2022","","","","","","","","","","","","","","-55 to 175","","25","","25","1","2","","","","","0.1"
"R68","100k","Resistor_SMD:R_0603_1608Metric","","/Project Architecture/Power/Battery Charger/","Resistor (11.1)","","","2022","","","","","","","","","","","","","","-55 to 175","","25","","25","1","2","","","","","0.1"
"R69","695k","Resistor_SMD:R_0603_1608Metric","","/Project Architecture/Power/Battery Charger/","Resistor (11.1)","","","2022","","","","","","","","","","","","","","-55 to 175","","25","","25","1","2","","","","","0.1"
"R70","1k","Resistor_SMD:R_0603_1608Metric","","/Project Architecture/Power/","Resistor (11.1)","","","2022","","","","","","","","","","","","","","-55 to 175","","25","","25","1","2","","","","","0.1"
"R71,R125,R126","100k","Resistor_SMD:R_0603_1608Metric","","/Project Architecture/Power/","Resistor (11.1)","","","2022","","","","","","","","","","","","","","-55 to 175","","25","","25","1","2","","","","","0.1"
"R72","10k","Resistor_SMD:R_0603_1608Metric","","/Project Architecture/Power/System On Logic/","Resistor (11.1)","","","2022","","","","","","","","","","","","","","-55 to 175","","25","","25","1","2","","","","","0.1"
"R73","10k","Resistor_SMD:R_1210_3225Metric_Pad1.30x2.65mm_HandSolder","","/Project Architecture/Power/","Resistor (11.1)","","","2022","","","","","","","","","","","","","","-55 to 175","","25","","25","1","2","","","","","0.1"
"R74","100k","Resistor_SMD:R_0603_1608Metric","","/Project Architecture/Power/System On Logic/","Resistor (11.1)","","","2022","","","","","","","","","","","","","","-55 to 175","","25","","25","1","2","","","","","0.1"
"R77,R78","10k","Resistor_SMD:R_0603_1608Metric","","/Project Architecture/Power/Passivate Arbitration/","Resistor (11.1)","","","2022","","","","","","","","","","","","","","-55 to 175","","25","","25","1","2","","","","","0.1"
"R81,R82","10k","Resistor_SMD:R_0603_1608Metric","","/Project Architecture/Power/Unlatch Arbitration/","Resistor (11.1)","","","2022","","","","","","","","","","","","","","-55 to 175","","25","","25","1","2","","","","","0.1"
"R83,R92","12k","Resistor_SMD:R_0603_1608Metric","","/Project Architecture/Power/Passivate Memory/","Resistor (11.1)","","","2022","","","","","","","","","","","","","","-55 to 175","","25","","25","1","2","","","","","0.1"
"R84,R85,R87,R91","100k","Resistor_SMD:R_0603_1608Metric","","/Project Architecture/Power/Passivate Memory/","Resistor (11.1)","","","2022","","","","","","","","","","","","","","-55 to 175","","25","","25","1","2","","","","","0.1"
"R86","10k","Resistor_SMD:R_0603_1608Metric","","/Project Architecture/Power/Passivate Memory/","Resistor (11.1)","","","2022","","","","","","","","","","","","","","-55 to 175","","25","","25","1","2","","","","","0.1"
"R88","1k","Resistor_SMD:R_0603_1608Metric","","/Project Architecture/Power/Passivate Memory/","Resistor (11.1)","","","2022","","","","","","","","","","","","","","-55 to 175","","25","","25","1","2","","","","","0.1"
"R89,R90","51k","Resistor_SMD:R_0603_1608Metric","","/Project Architecture/Power/Passivate Memory/","Resistor (11.1)","","","2022","","","","","","","","","","","","","","-55 to 175","","25","","25","1","2","","","","","0.1"
"R95,R96","10k","Resistor_SMD:R_0603_1608Metric","","/Project Architecture/Power/System On Logic/On Arbitration/","Resistor (11.1)","","","2022","","","","","","","","","","","","","","-55 to 175","","25","","25","1","2","","","","","0.1"
"R99,R100","10k","Resistor_SMD:R_0603_1608Metric","","/Project Architecture/Power/System On Logic/Off Arbitration/","Resistor (11.1)","","","2022","","","","","","","","","","","","","","-55 to 175","","25","","25","1","2","","","","","0.1"
"R101,R110","12k","Resistor_SMD:R_0603_1608Metric","","/Project Architecture/Power/System On Logic/On Memory/","Resistor (11.1)","","","2022","","","","","","","","","","","","","","-55 to 175","","25","","25","1","2","","","","","0.1"
"R102,R103,R105,R109","100k","Resistor_SMD:R_0603_1608Metric","","/Project Architecture/Power/System On Logic/On Memory/","Resistor (11.1)","","","2022","","","","","","","","","","","","","","-55 to 175","","25","","25","1","2","","","","","0.1"
"R104","10k","Resistor_SMD:R_0603_1608Metric","","/Project Architecture/Power/System On Logic/On Memory/","Resistor (11.1)","","","2022","","","","","","","","","","","","","","-55 to 175","","25","","25","1","2","","","","","0.1"
"R106","1k","Resistor_SMD:R_0603_1608Metric","","/Project Architecture/Power/System On Logic/On Memory/","Resistor (11.1)","","","2022","","","","","","","","","","","","","","-55 to 175","","25","","25","1","2","","","","","0.1"
"R107,R108","51k","Resistor_SMD:R_0603_1608Metric","","/Project Architecture/Power/System On Logic/On Memory/","Resistor (11.1)","","","2022","","","","","","","","","","","","","","-55 to 175","","25","","25","1","2","","","","","0.1"
"R111,R112","820","Resistor_SMD:R_0805_2012Metric","","/Project Architecture/Power/LDO_3v3_sat/","Resistor (11.1)","","","2022","","","","","","","","","","","","","","-55 to 175","","25","","25","1","2","","","","","0.1"
"R113,R114","500","Resistor_SMD:R_0805_2012Metric","","/Project Architecture/Power/LDO_3v3_sat/","Resistor (11.1)","","","2022","","","","","","","","","","","","","","-55 to 175","","25","","25","1","2","","","","","0.1"
"R118","2k4","Resistor_SMD:R_0805_2012Metric","","/Project Architecture/Power/Deploy/Boost/","Resistor (11.1)","","","2022","","","","","","","","","","","","","","-55 to 175","","25","","25","1","2","","","","","0.1"
"R120,R121","10k","Resistor_SMD:R_0603_1608Metric","","/Project Architecture/Power/Ideal Diode Satellite/","Resistor (11.1)","","","2022","","","","","","","","","","","","","","-55 to 175","","25","","25","1","2","","","","","0.1"
"R122,R123","10k","Resistor_SMD:R_0603_1608Metric","","/Project Architecture/Power/Ideal Diode Battery/","Resistor (11.1)","","","2022","","","","","","","","","","","","","","-55 to 175","","25","","25","1","2","","","","","0.1"
"R124","2k7","Resistor_SMD:R_0603_1608Metric","","/Project Architecture/Power/","Resistor (11.1)","","","2022","","","","","","","","","","","","","","-55 to 175","","25","","25","1","2","","","","","0.1"
"R127","10k","Resistor_SMD:R_0603_1608Metric","","/Project Architecture/Power/","Resistor (11.1)","","","2022","","","","","","","","","","","","","","-55 to 175","","25","","25","1","2","","","","","0.1"
"R128","390m","Resistor_SMD:R_2512_6332Metric","","/Project Architecture/Power/Deploy/Boost/","Resistor (11.1)","","","2022","","","","","","","","","","","","","","-55 to 175","","25","","25","1","2","","","","","0.1"
"R129,R140","2k7","Resistor_SMD:R_0805_2012Metric","","/Project Architecture/Power/Deploy/Boost/","Resistor (11.1)","","","2022","","","","","","","","","","","","","","-55 to 175","","25","","25","1","2","","","","","0.1"
"R130","2k7","Resistor_SMD:R_0805_2012Metric","","/Project Architecture/Power/Deploy/Buck/","Resistor (11.1)","","","2022","","","","","","","","","","","","","","-55 to 175","","25","","25","1","2","","","","","0.1"
"R131,R132","100k","Resistor_SMD:R_0805_2012Metric","","/Project Architecture/Power/Deploy/Buck/","Resistor (11.1)","","","2022","","","","","","","","","","","","","","-55 to 175","","25","","25","1","2","","","","","0.1"
"R133","10k","Resistor_SMD:R_0805_2012Metric","","/Project Architecture/Power/Deploy/Buck/","Resistor (11.1)","","","2022","","","","","","","","","","","","","","-55 to 175","","25","","25","1","2","","","","","0.1"
"R136,R137","10k","Resistor_SMD:R_0603_1608Metric","","/Project Architecture/Power/Deploy/Buck/TRIGGER_LOGIC_B3/","Resistor (11.1)","","","2022","","","","","","","","","","","","","","-55 to 175","","25","","25","1","2","","","","","0.1"
"R138","1k","Resistor_SMD:R_0603_1608Metric","","/Project Architecture/","Resistor (11.1)","","","2022","","","","","","","","","","","","","","-55 to 175","","25","","25","1","2","","","","","0.1"
"R139","100k","Resistor_SMD:R_0603_1608Metric","","/Project Architecture/","Resistor (11.1)","","","2022","","","","","","","","","","","","","","-55 to 175","","25","","25","1","2","","","","","0.1"
"R141,R148,R149,R161,Rflag1","100k","Resistor_SMD:R_0805_2012Metric","","/Project Architecture/Power/Deploy/Boost/","Resistor (11.1)","","","2022","","","","","","","","","","","","","","-55 to 175","","25","","25","1","2","","","","","0.1"
"R144,R145","10k","Resistor_SMD:R_0603_1608Metric","","/Project Architecture/Power/Deploy/Boost/TRIGGER_LOGIC_B1/","Resistor (11.1)","","","2022","","","","","","","","","","","","","","-55 to 175","","25","","25","1","2","","","","","0.1"
"R146,R147","750 1%","Resistor_SMD:R_0603_1608Metric_Pad0.98x0.95mm_HandSolder","","POWER>SYS_ON_LOGIC","Resistor (11.1)","","","2022","","","","","","","","","","","","","","-55 to 175","","","","","","","","","","",""
"R152,R153","10k","Resistor_SMD:R_0603_1608Metric","","/Project Architecture/Power/Deploy/Boost/TRIGGER_LOGIC_B2/","Resistor (11.1)","","","2022","","","","","","","","","","","","","","-55 to 175","","25","","25","1","2","","","","","0.1"
"R154,R155","820","Resistor_SMD:R_0805_2012Metric","","/Project Architecture/Power/LDO_3v3_bat/","Resistor (11.1)","","","2022","","","","","","","","","","","","","","-55 to 175","","25","","25","1","2","","","","","0.1"
"R156,R157","500","Resistor_SMD:R_0805_2012Metric","","/Project Architecture/Power/LDO_3v3_bat/","Resistor (11.1)","","","2022","","","","","","","","","","","","","","-55 to 175","","25","","25","1","2","","","","","0.1"
"R162,R163","68k","Resistor_SMD:R_0805_2012Metric","","/Project Architecture/Power/Deploy/Boost/","Resistor (11.1)","","","2022","","","","","","","","","","","","","","-55 to 175","","25","","25","1","2","","","","","0.1"
"R164,R165","100k","","","","","","","","","","","","","","","","","","","","","","","","","","","","","","","",""
"R169","2k7","Resistor_SMD:R_0805_2012Metric","","/Project Architecture/Power/Battery Charger/","Resistor (11.1)","","","2022","","","","","","","","","","","","","","-55 to 175","","25","","25","1","2","","","","","0.1"
"R170,R171","100k","Resistor_SMD:R_0805_2012Metric","","/Project Architecture/Power/Battery Charger/","Resistor (11.1)","","","2022","","","","","","","","","","","","","","-55 to 175","","25","","25","1","2","","","","","0.1"
"R172","68k","Resistor_SMD:R_0805_2012Metric","","/Project Architecture/Power/Battery Charger/","Resistor (11.1)","","","2022","","","","","","","","","","","","","","-55 to 175","","25","","25","1","2","","","","","0.1"
"R173","10k","Resistor_SMD:R_0603_1608Metric","","/Project Architecture/Power/Deploy/Buck/","Resistor (11.1)","","","2022","","","","","","","","","","","","","","","","25","","25","1","2","","","","","0.1"
"R174","3k","Resistor_SMD:R_0603_1608Metric","","/Project Architecture/Power/Deploy/Buck/","Resistor (11.1)","","","2022","","","","","","","","","","","","","","","","25","","25","1","2","","","","","0.1"
"Rc1","18k","Resistor_SMD:R_0805_2012Metric","","/Project Architecture/Power/Deploy/Boost/","Resistor (11.1)","","","2022","","","","","","","","","","","","","","-55 to 175","","25","","25","1","2","","","","","0.1"
"Rin1,Rin3","10k","Resistor_SMD:R_0805_2012Metric","","/Project Architecture/Power/Deploy/Boost/","Resistor (11.1)","","","2022","","","","","","","","","","","","","","-55 to 175","","25","","25","1","2","","","","","0.1"
"Rin2","60k4","Resistor_SMD:R_0805_2012Metric","","/Project Architecture/Power/Deploy/Boost/","Resistor (11.1)","","","2022","","","","","","","","","","","","","","-55 to 175","","25","","25","1","2","","","","","0.1"
"Rin4","360R","Resistor_SMD:R_0805_2012Metric","","/Project Architecture/Power/Deploy/Boost/","Resistor (11.1)","","","2022","","","","","","","","","","","","","","-55 to 175","","25","","25","1","2","","","","","0.1"
"Rsense1","3m","Resistor_SMD:R_2512_6332Metric","","/Project Architecture/Power/Deploy/Boost/","Resistor (11.1)","","","2022","","","","","","","","","","","","","","-55 to 175","","25","","25","1","2","","","","","0.1"
"RSense2","15m","Resistor_SMD:R_2512_6332Metric","","/Project Architecture/Power/Deploy/Boost/","Resistor (11.1)","","","2022","","","","","","","","","","","","","","-55 to 175","","25","","25","1","2","","","","","0.1"
"TP1,TP2,TP3,TP4,TP5,TP6,TP7,TP8,TP9,TP10,TP11,TP12,TP13,TP14,TP15,TP16,TP17,TP18","TestPoint","Connector_PinHeader_2.54mm:PinHeader_1x01_P2.54mm_Vertical","","","","","","","","","","","","","","","","","","","","","","","","","","","","","","",""
"TP19,TP20,TP21,TP22,TP23,TP24,TP25,TP26,TP27,TP28,TP29,TP30,TP31,TP32,TP33,TP34","TestPoint","TestPoint:TestPoint_Pad_2.5x2.5mm","","","","","","","","","","","","","","","","","","","","","","","","","","","","","","",""
"U2","MAX13431EETB+T","MAX13431EETB+T:21-0137I_T1033-1_MXM","MAX13431EETB","/Project Architecture/Control/MCU_A/","Integrated Circuit (7)","SEE destructifs 62.5 MeVcm2/mg","MOS Standard, Digital circuits, 810 transistors","2022","TQFP, 5x5","Two rows","low voltage","","","","","","","","","","","-40 to 80","","25","ac = Epoxy, as = FR4","25","1","","","Epoxy","FR4","","0.3"
"U3","SN65HVD233","Package_SO:SOIC-8_3.9x4.9mm_P1.27mm","SN65HVD233QDRQ1","/Project Architecture/Control/MCU_A/","Integrated Circuit (7)","","MOS Standard, Digital circuits, 20000 transistors","2022","SO,SOP, 8 pins","Two rows","low voltage","","","","","","","","","","","-40 to 125","","25","ac = Epoxy, as = FR4","25","1","","","Epoxy","FR4","","0.3"
"U4","ATmega64M1-M","Package_QFP:TQFP-32_7x7mm_P0.8mm","ATMEGA64M1-AU","/Project Architecture/Control/MCU_A/","Integrated Circuit (7)","","BICMOS, STAM, Static Read Access Memory, 8-bit","2022","TQFP,10x10","Two rows","low voltage","","","","","","","","","","","-40 to 85","","25","ac = Epoxy, as = FR4","25","1","","","Epoxy","FR4","","0.3"
"U6","MAX13431EETB+T","MAX13431EETB+T:21-0137I_T1033-1_MXM","MAX13431EETB","/Project Architecture/Control/MCU_B/","Integrated Circuit (7)","SEE destructifs 62.5 MeVcm2/mg","MOS Standard, Digital circuits, 810 transistors","2022","TQFP, 5x5","Two rows","low voltage","","","","","","","","","","","-40 to 80","","25","ac = Epoxy, as = FR4","25","1","","","Epoxy","FR4","","0.3"
"U7","SN65HVD233","Package_SO:SOIC-8_3.9x4.9mm_P1.27mm","SN65HVD233QDRQ1","/Project Architecture/Control/MCU_B/","Integrated Circuit (7)","","MOS Standard, Digital circuits, 20000 transistors","2022","SO,SOP, 8 pins","Two rows","low voltage","","","","","","","","","","","-40 to 125","","25","ac = Epoxy, as = FR4","25","1","","","Epoxy","FR4","","0.3"
"U8","ATmega64M1-M","Package_QFP:TQFP-32_7x7mm_P0.8mm","ATMEGA64M1-AU","/Project Architecture/Control/MCU_B/","Integrated Circuit (7)","","BICMOS, STAM, Static Read Access Memory, 8-bit","2022","TQFP,10x10","Two rows","low voltage","","","","","","","","","","","-40 to 85","","25","ac = Epoxy, as = FR4","25","1","","","Epoxy","FR4","","0.3"
"U10","MAX13431EETB+T","MAX13431EETB+T:21-0137I_T1033-1_MXM","MAX13431EETB","/Project Architecture/Control/MCU_C/","Integrated Circuit (7)","SEE destructifs 62.5 MeVcm2/mg","MOS Standard, Digital circuits, 810 transistors","2022","TQFP, 5x5","Two rows","low voltage","","","","","","","","","","","-40 to 80","","25","ac = Epoxy, as = FR4","25","1","","","Epoxy","FR4","","0.3"
"U11","SN65HVD233","Package_SO:SOIC-8_3.9x4.9mm_P1.27mm","SN65HVD233QDRQ1","/Project Architecture/Control/MCU_C/","Integrated Circuit (7)","","MOS Standard, Digital circuits, 20000 transistors","2022","SO,SOP, 8 pins","Two rows","low voltage","","","","","","","","","","","-40 to 125","","25","ac = Epoxy, as = FR4","25","1","","","Epoxy","FR4","","0.3"
"U12","ATmega64M1-M","Package_QFP:TQFP-32_7x7mm_P0.8mm","ATMEGA64M1-AU","/Project Architecture/Control/MCU_C/","Integrated Circuit (7)","","BICMOS, STAM, Static Read Access Memory, 8-bit","2022","TQFP,10x10","Two rows","low voltage","","","","","","","","","","","-40 to 85","","25","ac = Epoxy, as = FR4","25","1","","","Epoxy","FR4","","0.3"
"U14","CD4051BPWR","Package_SO:HTSSOP-16-1EP_4.4x5mm_P0.65mm_EP3.4x5mm_Mask2.46x2.31mm","CD4051BPWR ","/Project Architecture/Trigger IDD/","Integrated Circuit (7)","SEE non destructif 58.8MeVcm2/mg, SEE desctructif 58.8","MOS Asic, Gate Arrays, 12 gates","2022","TSSOP, 16 pins","Matrix connections","low voltage","","","","","","","","","","","-55 to 125","","25","ac = Epoxy, as = FR4","25","1","","","Epoxy","FR4","","0.3"
"U17","ADM1270ARQZ","Package_SO:SSOP-16_3.9x4.9mm_P0.635mm","","/Project Architecture/Power/Protection Satellite 24V/","Integrated Circuit (7)","34.45kRad, Aucun SEE observ aux protons","BICMOS, linear/digital circuits, high voltage, 500 transistors","2022","SO,SOP, 16 pins","Two rows","high voltage","","","","","","","","","","","-40 to 125","","25","ac = Epoxy, as = FR4","25","1","","","Epoxy","FR4","","0.3"
"U19","ADM1270ARQZ","Package_SO:SSOP-16_3.9x4.9mm_P0.635mm","","/Project Architecture/Power/Protection Battery/","Integrated Circuit (7)","","BICMOS, linear/digital circuits, high voltage, 500 transistors","2022","SO,SOP, 16 pins","Two rows","high voltage","","","","","","","","","","","-40 to 125","","25","ac = Epoxy, as = FR4","25","1","","","Epoxy","FR4","","0.3"
"U22","BQ24650","Package_DFN_QFN:Texas_RVA_VQFN-16-1EP_3.5x3.5mm_P0.5mm_EP2.14x2.14mm_ThermalVias","","/Project Architecture/Power/Battery Charger/","Integrated Circuit (7)","LET 58.78 MeVcm2/mg ","Bipolar circuits, linear/digital circuits, high voltage, 5000 transistors","2022","PQFP, TQFP, 5x5","Two rows","high voltage","","","","","","","","","","","-40 to 125","","25","ac = Epoxy, as = FR4","25","1","","","Epoxy","FR4","","0.3"
"U25","CD4051BPWR","Package_SO:HTSSOP-16-1EP_4.4x5mm_P0.65mm_EP3.4x5mm_Mask2.46x2.31mm","CD4051BPWR ","/Project Architecture/Power/Passivate Arbitration/","Integrated Circuit (7)","SEE non destructif 58.8MeVcm2/mg, SEE desctructif 58.8","MOS Asic, Gate Arrays, 12 gates","2022","TSSOP, 16 pins","Matrix connections","low voltage","","","","","","","","","","","-55 to 125","","25","ac = Epoxy, as = FR4","25","1","","","Epoxy","FR4","","0.3"
"U27","CD4051BPWR","Package_SO:HTSSOP-16-1EP_4.4x5mm_P0.65mm_EP3.4x5mm_Mask2.46x2.31mm","CD4051BPWR ","/Project Architecture/Power/Unlatch Arbitration/","Integrated Circuit (7)","SEE non destructif 58.8MeVcm2/mg, SEE desctructif 58.8","MOS Asic, Gate Arrays, 12 gates","2022","TSSOP, 16 pins","Matrix connections","low voltage","","","","","","","","","","","-55 to 125","","25","ac = Epoxy, as = FR4","25","1","","","Epoxy","FR4","","0.3"
"U29","CD4051BPWR","Package_SO:HTSSOP-16-1EP_4.4x5mm_P0.65mm_EP3.4x5mm_Mask2.46x2.31mm","CD4051BPWR ","/Project Architecture/Power/System On Logic/On Arbitration/","Integrated Circuit (7)","SEE non destructif 58.8MeVcm2/mg, SEE desctructif 58.8","MOS Asic, Gate Arrays, 12 gates","2022","TSSOP, 16 pins","Matrix connections","low voltage","","","","","","","","","","","-55 to 125","","25","ac = Epoxy, as = FR4","25","1","","","Epoxy","FR4","","0.3"
"U31","CD4051BPWR","Package_SO:HTSSOP-16-1EP_4.4x5mm_P0.65mm_EP3.4x5mm_Mask2.46x2.31mm","CD4051BPWR ","/Project Architecture/Power/System On Logic/Off Arbitration/","Integrated Circuit (7)","SEE non destructif 58.8MeVcm2/mg, SEE desctructif 58.8","MOS Asic, Gate Arrays, 12 gates","2022","TSSOP, 16 pins","Matrix connections","low voltage","","","","","","","","","","","-55 to 125","","25","ac = Epoxy, as = FR4","25","1","","","Epoxy","FR4","","0.3"
"U32","LM317KTTR","Package_TO_SOT_SMD:TO-263-3_TabPin2","LM317KTTR ","/Project Architecture/Power/LDO_3v3_sat/","Converter <10W (19.6)",">70krad, sensitivities after 20krad","","2022","TSSOP, 16 pins","Matrix connections","low voltage","","","","","","","","","","","-40 to 125","","25","ac = Epoxy, as = FR4","25","3.3","10","10","","","","0.3"
"U34","LT8710","Package_SO:HTSSOP-20-1EP_4.4x6.5mm_P0.65mm_EP3.4x6.5mm","LT8710","/Project Architecture/Power/Deploy/Boost/","Integrated Circuit (7)","","Bipolar circuits, linear/digital circuits, high voltage, 5000 transistors","2022","TSOP I: 0.5mm pitch, 20 pins","Two rows","high voltage","","","","","","","","","","","-40 to 125","","25","ac = Epoxy, as = FR4","25","1","","","Epoxy","FR4","","0.3"
"U36","CD4051BPWR","Package_SO:HTSSOP-16-1EP_4.4x5mm_P0.65mm_EP3.4x5mm_Mask2.46x2.31mm","CD4051BPWR ","/Project Architecture/Power/Deploy/Boost/TRIGGER_LOGIC_B1/","Integrated Circuit (7)","SEE non destructif 58.8MeVcm2/mg, SEE desctructif 58.8","MOS Asic, Gate Arrays, 12 gates","2022","TSSOP, 16 pins","Matrix connections","low voltage","","","","","","","","","","","-55 to 125","","25","ac = Epoxy, as = FR4","25","1","","","Epoxy","FR4","","0.3"
"U39","CD4051BPWR","Package_SO:HTSSOP-16-1EP_4.4x5mm_P0.65mm_EP3.4x5mm_Mask2.46x2.31mm","CD4051BPWR ","/Project Architecture/Power/Deploy/Buck/TRIGGER_LOGIC_B3/","Integrated Circuit (7)","SEE non destructif 58.8MeVcm2/mg, SEE desctructif 58.8","MOS Asic, Gate Arrays, 12 gates","2022","TSSOP, 16 pins","Matrix connections","low voltage","","","","","","","","","","","-55 to 125","","25","ac = Epoxy, as = FR4","25","1","","","Epoxy","FR4","","0.3"
"U40","CD4051BPWR","Package_SO:HTSSOP-16-1EP_4.4x5mm_P0.65mm_EP3.4x5mm_Mask2.46x2.31mm","CD4051BPWR ","/Project Architecture/Power/Deploy/Boost/TRIGGER_LOGIC_B2/","Integrated Circuit (7)","SEE non destructif 58.8MeVcm2/mg, SEE desctructif 58.8","MOS Asic, Gate Arrays, 12 gates","2022","TSSOP, 16 pins","Matrix connections","low voltage","","","","","","","","","","","-55 to 125","","25","ac = Epoxy, as = FR4","25","1","","","Epoxy","FR4","","0.3"
"U41","TPS5450MDDAREP","TPS5450:DDA8_3X2P49","","/Project Architecture/Power/Deploy/Buck/","Integrated Circuit (7)","","","2022","TSSOP, 16 pins","Matrix connections","low voltage","","","","","","","","","","","","","25","ac = Epoxy, as = FR4","25","3.3","10","10","","","","0.3"
"U42","LM317KTTR","Package_TO_SOT_SMD:TO-263-3_TabPin2","LM317KTTR ","/Project Architecture/Power/LDO_3v3_bat/","Converter <10W (19.6)",">70krad, sensitivities after 20krad","","2022","SOP, 4 pins","Matrix connections","low voltage","","","","","","","","","","","-40 to 125","","25","ac = Epoxy, as = FR4","25","3.3","40","10","","","","0.3"
"U44","MAX13431EETB+T","MAX13431EETB+T:21-0137I_T1033-1_MXM","MAX13431EETB","/Project Architecture/Testbench Interface/","Integrated Circuit (7)","SEE destructifs 62.5 MeVcm2/mg","MOS Standard, Digital circuits, 810 transistors","2022","TQFP, 5x5","Two rows","low voltage","","","","","","","","","","","-40 to 80","","25","ac = Epoxy, as = FR4","25","1","","","Epoxy","FR4","","0.3"
"U45","SN65HVD233","Package_SO:SOIC-8_3.9x4.9mm_P1.27mm","SN65HVD233QDRQ1","/Project Architecture/Testbench Interface/","Integrated Circuit (7)","","MOS Standard, Digital circuits, 20000 transistors","2022","SO,SOP, 8 pins","Two rows","low voltage","","","","","","","","","","","-40 to 125","","25","ac = Epoxy, as = FR4","25","1","","","Epoxy","FR4","","0.3"
